[
  {
    "sofifa_id": 158023,
    "img": "https://cdn.sofifa.net/players/158/023/20_120.png",
    "player_url": "https://sofifa.com/player/158023/lionel-messi/20/159586",
    "short_name": "L. Messi",
    "long_name": "Lionel Andrés Messi Cuccittini",
    "player_traits": "Beat Offside Trap, Argues with Officials, Early Crosser, Finesse Shot, Speed Dribbler (CPU AI Only), 1-on-1 Rush, Giant Throw-in, Outside Foot Shot"
  },
  {
    "sofifa_id": 20801,
    "img": "https://cdn.sofifa.net/players/020/801/20_120.png",
    "player_url": "https://sofifa.com/player/20801/c-ronaldo-dos-santos-aveiro/20/159586",
    "short_name": "Cristiano Ronaldo",
    "long_name": "Cristiano Ronaldo dos Santos Aveiro",
    "player_traits": "Long Throw-in, Selfish, Argues with Officials, Early Crosser, Speed Dribbler (CPU AI Only), Skilled Dribbling"
  },
  {
    "sofifa_id": 190871,
    "img": "https://cdn.sofifa.net/players/190/871/20_120.png",
    "player_url": "https://sofifa.com/player/190871/neymar-da-silva-santos-jr/20/159586",
    "short_name": "Neymar Jr",
    "long_name": "Neymar da Silva Santos Junior",
    "player_traits": "Power Free-Kick, Injury Free, Selfish, Early Crosser, Speed Dribbler (CPU AI Only), Crowd Favourite"
  },
  {
    "sofifa_id": 200389,
    "img": "https://cdn.sofifa.net/players/200/389/20_120.png",
    "player_url": "https://sofifa.com/player/200389/jan-oblak/20/159586",
    "short_name": "J. Oblak",
    "long_name": "Jan Oblak",
    "player_traits": "Flair, Acrobatic Clearance"
  },
  {
    "sofifa_id": 183277,
    "img": "https://cdn.sofifa.net/players/183/277/20_120.png",
    "player_url": "https://sofifa.com/player/183277/eden-hazard/20/159586",
    "short_name": "E. Hazard",
    "long_name": "Eden Hazard",
    "player_traits": "Beat Offside Trap, Selfish, Finesse Shot, Speed Dribbler (CPU AI Only), Crowd Favourite"
  },
  {
    "sofifa_id": 192985,
    "img": "https://cdn.sofifa.net/players/192/985/20_120.png",
    "player_url": "https://sofifa.com/player/192985/kevin-de-bruyne/20/159586",
    "short_name": "K. De Bruyne",
    "long_name": "Kevin De Bruyne",
    "player_traits": "Power Free-Kick, Avoids Using Weaker Foot, Dives Into Tackles (CPU AI Only), Leadership, Argues with Officials, Finesse Shot"
  },
  {
    "sofifa_id": 192448,
    "img": "https://cdn.sofifa.net/players/192/448/20_120.png",
    "player_url": "https://sofifa.com/player/192448/marc-andre-ter-stegen/20/159586",
    "short_name": "M. ter Stegen",
    "long_name": "Marc-André ter Stegen",
    "player_traits": "Swerve Pass, Acrobatic Clearance, Flair Passes"
  },
  {
    "sofifa_id": 203376,
    "img": "https://cdn.sofifa.net/players/203/376/20_120.png",
    "player_url": "https://sofifa.com/player/203376/virgil-van-dijk/20/159586",
    "short_name": "V. van Dijk",
    "long_name": "Virgil van Dijk",
    "player_traits": "Diver, Avoids Using Weaker Foot, Leadership, Long Passer (CPU AI Only)"
  },
  {
    "sofifa_id": 177003,
    "img": "https://cdn.sofifa.net/players/177/003/20_120.png",
    "player_url": "https://sofifa.com/player/177003/luka-modric/20/159586",
    "short_name": "L. Modrić",
    "long_name": "Luka Modrić",
    "player_traits": "Argues with Officials, Finesse Shot, Speed Dribbler (CPU AI Only), Crowd Favourite"
  },
  {
    "sofifa_id": 209331,
    "img": "https://cdn.sofifa.net/players/209/331/20_120.png",
    "player_url": "https://sofifa.com/player/209331/mohamed-salah/20/159586",
    "short_name": "M. Salah",
    "long_name": "Mohamed  Salah Ghaly",
    "player_traits": "Beat Offside Trap, Argues with Officials, Early Crosser, Speed Dribbler (CPU AI Only), Outside Foot Shot"
  },
  {
    "sofifa_id": 231747,
    "img": "https://cdn.sofifa.net/players/231/747/20_120.png",
    "player_url": "https://sofifa.com/player/231747/kylian-mbappe/20/159586",
    "short_name": "K. Mbappé",
    "long_name": "Kylian Mbappé",
    "player_traits": "Beat Offside Trap, Selfish, Early Crosser, Speed Dribbler (CPU AI Only), Crowd Favourite"
  },
  {
    "sofifa_id": 201024,
    "img": "https://cdn.sofifa.net/players/201/024/20_120.png",
    "player_url": "https://sofifa.com/player/201024/kalidou-koulibaly/200002",
    "short_name": "K. Koulibaly",
    "long_name": "Kalidou Koulibaly",
    "player_traits": "Long Passer (CPU AI Only)"
  }

]